912f6238d94dfdf8afd672bc7f28a445b66138c14a5a08fa266a77837346c2aa	660	control-config/control-plane.normalized.gen2.json
20b440b192cafb0e53f1a660449db086925305717252868fb54840b73a82f82d	3351	evidence-mirror-gen2/README.md
702fad4c10d81d214702275cbe5e90e1fe36e1a0f5b344aab0ecd4bdf4ee07c7	3785	evidence-mirror-gen2/commission-control/CHANGELOG.md
9ad50f803abb856c0f68778020dbc71c0f1ac53aa7b6554ea6cd563fc4a28931	12519	evidence-mirror-gen2/commission-control/watched-reds.tsv
eb7e43a61c98f5bce4f3e4514c99797f384222d478bf27a2442e8e0175909389	10198	evidence-mirror-gen2/commission-exchange/current-architecture.md
fa03cb660f9720a50f9827be97d0c23d324239918c7d494801b91d00e02b9454	11707	evidence-mirror-gen2/commission-exchange/current-control-plane.md
474566cd829fe3fecbaf0d765cc05a1428ad5fe3dcd890170bc08c6482da811e	10122	evidence-mirror-gen2/commission-exchange/current-proofs.md
195ed9e6f5affc26ed774b297112397e27333c796129097ce7d559663ea1729b	12294	evidence-mirror-gen2/commission-exchange/current-runtime.md
7e091cec42f73a592765f11b08963352693981832a94b1c8f13554cbe2b776da	12164	evidence-mirror-gen2/commission-exchange/current-status.md
d8460faddcc059b13ddb625e34d8ec0d242f28bb270ca3fd3c2fa21b1e33f2e9	1278	evidence-mirror-gen2/commission-runtime/chmod-semantics.txt
1e6c9457fbd95d3943146711123bd57663a737378127342eaa177d9944177426	1614	evidence-mirror-gen2/commission-runtime/fm-home-isolation.txt
758c130427d3951c6fae3479b1a79da626e9d7b0ee07921d7ba136aed0b834c4	2412	evidence-mirror-gen2/commission-runtime/listener-registration.txt
eb585bfd06a672d8b7bbe68c9a8be3c8217a1ad0c0d6e8f3ec0b028f628468f7	2225	evidence-mirror-gen2/commission-runtime/listener-venue-exclusivity.txt
13f7cb04d151956427e9ee00c1723f579d78a1df2a25a29b041e65e46c2bc4ce	4634	evidence-mirror-gen2/commission-runtime/migration-ledger.md
09f14f354976a9bd74e103b768799944d51ff1d2d7a1b59a71df83c9d38f771b	4422	evidence-mirror-gen2/commission-runtime/prod-home-nontouch.txt
36e82af4ad26c73038473491f092aec8ba3cdb692d58227fb968578114f89abe	9646	evidence-mirror-gen2/commission-runtime/session-start-digest.txt
b988ab700cc3e4bc64627c11fb412b975a62948c1126e7895e7ef54156b18bd0	274	evidence-mirror-gen2/commission-runtime/upstream-pristine-close.txt
02b99848b4860c275d151a1acd239ce603a4afe4e8a5a54c88ec8f3040ca41ec	267	evidence-mirror-gen2/commission-runtime/upstream-pristine-open.txt
ca46a320468aa143d37434e3fb837fd910c087ac9dd95e6c0871455cf65d2c67	22994	evidence-mirror-gen2/phase0-redacted-v2/ce-isolation-baseline.json
a49e1aec8599db7df2c839d6fdc400e65501fa5c1f4f6d887ab24d7d870a56f3	24363	evidence-mirror-gen2/phase0-redacted-v2/ce-isolation-baseline.md
9e4fa1d38e7708c8d16d34ca855223fbb6762d30a4b244d09e9dd8536974a958	21854	evidence-mirror-gen2/phase0-redacted-v2/runtime-baseline.json
9b5eb3a78b0b1c6672d9838f8de9a5689f8751d30aff60e06f62080b94a0cfc5	4847	schema-gen2/FREEZE.redacted.json
bbe6ce89744ef03901cd5823a75670db86293bdc1f55bff4f4095b0ced446908	60409	schema-gen2/fm-sol-control-v2.schema.json
cc77349afec84ad321aa7ee212eef5043e0d7bd79cf802fef941f2d3a30402af	4466	schema-gen2/reply-contract.receipt.txt
23455c198d9cbd1f2dffc7a4db86b262befdb69d256de224e5fc4ead3bdc4402	10347	schema-gen2/reply-contract.request.txt
6fec16aba4cdb96c3ec63085165bee34c7bc1142445f0bad4a6ceb6147112671	6285	schema-gen2/reply-contract.ruling.txt
